revision, size, dirs, files
0, 58870, 7, 34
1, 58895, 7, 34
2, 69191, 7, 37
3, 69181, 7, 37
4, 53573, 7, 36
5, 53942, 7, 36
6, 55497, 7, 36
7, 59288, 7, 38
8, 99284, 8, 41
9, 102627, 8, 41
10, 102628, 8, 41
11, 105930, 9, 43
12, 107623, 9, 43
13, 110991, 10, 46
14, 116372, 10, 48
15, 256055, 12, 65
16, 257198, 12, 65
17, 257276, 12, 68
18, 258293, 12, 70
19, 262371, 12, 73
20, 264555, 12, 75
21, 265031, 12, 75
22, 264912, 12, 74
23, 265595, 12, 74
24, 266860, 12, 74
25, 267418, 12, 74
26, 289647, 13, 78
27, 289649, 13, 78
28, 320652, 13, 115
29, 321416, 13, 115
30, 322581, 13, 115
31, 322931, 13, 115
32, 324167, 13, 116
33, 325234, 13, 116
34, 325721, 13, 116
35, 328110, 13, 116
36, 328877, 13, 116
37, 329552, 13, 116
38, 330001, 13, 116
39, 330543, 13, 117
40, 331343, 13, 117
41, 331383, 13, 117
42, 331407, 13, 117
43, 332409, 13, 118
44, 338344, 13, 119
45, 325779, 13, 119
46, 325780, 13, 119
47, 328420, 15, 121
48, 327970, 15, 121
49, 328070, 15, 121
50, 334441, 15, 121
51, 344224, 16, 141
52, 345936, 16, 142
53, 346659, 16, 142
54, 346840, 16, 142
55, 346854, 16, 142
56, 347102, 16, 142
57, 347268, 16, 142
58, 366341, 16, 156
59, 366606, 16, 156
60, 380167, 16, 157
61, 381168, 16, 157
62, 384720, 16, 159
63, 386191, 16, 159
64, 389137, 16, 161
65, 388979, 16, 161
66, 390542, 16, 161
67, 393169, 16, 162
68, 393739, 16, 163
69, 394027, 16, 163
70, 394425, 16, 163
71, 395937, 16, 164
72, 396329, 16, 165
73, 400767, 16, 166
74, 400960, 16, 166
75, 401045, 16, 166
76, 401832, 16, 166
77, 403684, 16, 166
78, 403680, 16, 166
79, 553892, 16, 167
80, 565981, 18, 168
81, 568045, 18, 168
82, 574815, 18, 170
83, 583385, 19, 178
84, 583400, 19, 178
85, 584031, 19, 178
86, 584170, 19, 178
87, 586039, 19, 178
88, 592359, 19, 178
89, 599490, 19, 178
90, 599171, 19, 178
91, 598790, 19, 178
92, 600302, 19, 178
93, 601771, 19, 178
94, 601710, 19, 178
95, 604312, 19, 178
96, 605726, 19, 178
97, 611160, 19, 178
98, 615435, 19, 178
99, 615655, 19, 178
100, 624391, 19, 178
101, 631321, 19, 179
102, 632174, 19, 179
103, 636718, 19, 179
104, 637102, 19, 179
105, 641881, 19, 179
106, 642714, 19, 179
107, 642729, 19, 179
108, 642736, 19, 179
109, 651651, 19, 180
110, 651711, 19, 183
111, 652113, 19, 183
112, 656526, 19, 183
113, 663843, 19, 183
114, 688514, 19, 193
115, 700806, 19, 195
116, 702748, 19, 196
117, 704701, 19, 196
118, 706231, 19, 196
119, 707870, 19, 197
120, 710329, 19, 198
121, 713923, 19, 199
122, 713791, 19, 199
123, 713733, 19, 199
124, 714715, 19, 199
125, 714952, 19, 199
126, 715314, 19, 199
127, 716257, 19, 199
128, 716268, 19, 199
129, 708692, 19, 196
130, 710691, 19, 196
131, 711556, 19, 196
132, 711469, 19, 196
133, 711766, 19, 196
134, 712416, 19, 196
135, 713739, 19, 196
136, 714797, 19, 196
137, 716809, 19, 196
138, 717861, 19, 196
139, 719910, 19, 196
140, 722291, 19, 197
141, 724172, 19, 197
142, 725152, 19, 197
143, 725098, 19, 197
144, 727977, 20, 199
145, 728538, 20, 199
146, 728616, 20, 199
147, 728777, 20, 199
148, 735030, 20, 202
149, 735066, 20, 202
150, 735416, 20, 202
151, 735530, 20, 202
152, 748646, 20, 204
153, 749160, 20, 204
154, 749232, 20, 204
155, 750842, 20, 205
156, 751517, 20, 205
157, 752016, 20, 205
158, 754741, 20, 205
159, 754995, 20, 205
160, 755350, 20, 205
161, 765433, 20, 207
162, 765540, 20, 207
163, 766399, 20, 207
164, 770699, 20, 208
165, 770737, 21, 208
166, 770931, 21, 208
167, 773508, 21, 208
168, 774398, 21, 209
169, 775846, 21, 209
170, 775977, 21, 209
171, 779218, 21, 209
172, 779803, 21, 209
173, 785239, 21, 209
174, 790005, 21, 210
175, 790037, 21, 210
176, 794433, 21, 210
177, 794521, 21, 210
178, 793642, 21, 210
179, 794104, 21, 210
180, 795993, 21, 210
181, 796306, 21, 210
182, 796096, 21, 210
183, 797154, 21, 210
184, 800625, 21, 210
185, 801231, 21, 210
186, 812955, 21, 214
187, 815468, 21, 214
188, 816181, 21, 214
189, 825037, 21, 216
190, 825278, 21, 216
191, 826734, 21, 216
192, 828184, 21, 216
193, 828478, 21, 216
194, 828480, 21, 216
195, 829860, 21, 216
196, 836429, 21, 217
197, 836505, 21, 217
198, 837341, 21, 217
199, 838134, 21, 217
200, 838922, 21, 217
201, 840535, 21, 217
202, 844112, 21, 218
203, 875041, 21, 221
204, 875611, 21, 221
205, 873482, 21, 221
206, 873539, 21, 221
207, 873903, 21, 221
208, 875860, 21, 222
209, 875861, 21, 222
210, 876344, 21, 222
211, 880620, 21, 222
212, 880994, 21, 222
213, 882495, 21, 222
214, 883835, 21, 222
215, 889202, 21, 223
216, 889287, 21, 223
217, 892091, 21, 224
218, 897798, 21, 225
219, 902318, 21, 225
220, 902551, 21, 225
221, 903443, 21, 225
222, 905382, 21, 225
223, 905094, 21, 225
224, 905374, 21, 225
225, 908194, 21, 225
226, 908564, 21, 225
227, 909055, 21, 225
228, 918387, 21, 226
229, 918518, 21, 226
230, 919092, 21, 226
231, 919052, 21, 226
232, 919466, 21, 226
233, 920239, 21, 226
234, 926335, 21, 227
235, 926650, 21, 227
236, 926703, 21, 227
237, 926944, 21, 227
238, 927091, 21, 227
239, 927485, 21, 227
240, 928173, 21, 227
241, 928245, 21, 229
242, 1001841, 22, 244
243, 1004524, 22, 246
244, 1006150, 22, 246
245, 1008685, 22, 246
246, 1010464, 22, 246
247, 1010539, 22, 246
248, 1010927, 22, 246
249, 1011744, 22, 246
250, 1013294, 22, 246
251, 1013645, 22, 246
252, 1013654, 22, 246
253, 1013682, 22, 246
254, 1013825, 22, 246
255, 1015333, 22, 246
256, 1015715, 22, 246
257, 1016414, 22, 246
258, 1018971, 22, 246
259, 1019006, 22, 246
260, 1019549, 22, 246
261, 1020634, 22, 246
262, 1021179, 22, 245
263, 1022794, 22, 246
264, 1022778, 22, 246
265, 1029263, 22, 247
266, 1031972, 22, 247
267, 1032971, 22, 247
268, 1033147, 22, 247
269, 1034299, 22, 247
270, 1035029, 22, 247
271, 1034945, 22, 247
272, 1035580, 22, 247
273, 1043269, 22, 247
274, 1043431, 22, 247
275, 1043063, 22, 247
276, 1048063, 22, 249
277, 1053842, 22, 251
278, 1057063, 22, 252
279, 1060504, 22, 253
280, 1060624, 22, 253
281, 1061043, 22, 253
282, 1062294, 22, 253
283, 1063211, 22, 253
284, 1066449, 22, 253
285, 1069320, 22, 254
286, 1069511, 22, 254
287, 1071934, 22, 255
288, 1074115, 22, 255
289, 1074561, 22, 255
290, 1075760, 22, 255
291, 1077042, 22, 255
292, 1077695, 22, 255
293, 1082130, 22, 255
294, 1082223, 22, 255
295, 1082589, 22, 255
296, 1081634, 22, 255
297, 1082030, 22, 255
298, 1097449, 22, 259
299, 1097698, 22, 259
300, 1110876, 22, 262
301, 1118773, 22, 263
302, 1118716, 22, 263
303, 1118848, 22, 263
304, 1119027, 22, 263
305, 1142495, 22, 267
306, 1154414, 22, 269
307, 1158337, 22, 270
308, 1158489, 22, 270
309, 1158489, 22, 270
310, 1161410, 22, 270
311, 1162658, 22, 270
312, 1156907, 22, 270
313, 1157358, 22, 270
314, 1158088, 22, 270
315, 1158741, 22, 270
316, 1159704, 22, 270
317, 1161467, 22, 270
318, 1167675, 22, 271
319, 1168784, 22, 271
320, 1179354, 22, 272
321, 1180677, 22, 272
322, 1181578, 22, 272
323, 1182637, 22, 272
324, 1188220, 22, 273
325, 1248000, 22, 286
326, 1248004, 22, 286
327, 1248067, 22, 286
328, 1250980, 22, 287
329, 1251469, 22, 287
330, 1251399, 22, 287
331, 1251799, 22, 287
332, 1253635, 22, 287
333, 1261983, 22, 287
334, 1261999, 22, 287
335, 1270335, 22, 288
336, 1270506, 22, 288
337, 1270753, 22, 288
338, 1270821, 22, 288
339, 1284390, 22, 292
340, 1282761, 22, 290
341, 1284095, 22, 290
342, 1284096, 22, 290
343, 1284205, 22, 290
344, 1285719, 22, 290
345, 1266934, 22, 287
346, 1269930, 22, 287
347, 1270102, 22, 287
348, 1271392, 22, 287
349, 1272322, 22, 287
350, 1277378, 22, 288
351, 1280541, 22, 289
352, 1280763, 22, 289
353, 1280686, 22, 289
354, 1281304, 22, 289
355, 1281481, 22, 289
356, 1281397, 22, 289
357, 1281140, 22, 289
358, 1281474, 22, 289
359, 1283805, 22, 289
360, 1284472, 22, 289
361, 1295661, 22, 290
362, 1293806, 22, 290
363, 1293806, 22, 290
364, 1308770, 23, 297
365, 1312178, 23, 297
366, 1312722, 23, 297
367, 1314084, 23, 297
368, 1317796, 23, 298
369, 1318340, 23, 298
370, 1321583, 23, 299
371, 1324506, 23, 300
372, 1325350, 23, 300
373, 1329799, 23, 301
374, 1332800, 23, 301
375, 1333194, 23, 301
376, 1333650, 23, 301
377, 1334240, 23, 301
378, 1334305, 23, 301
379, 1352927, 23, 304
380, 1353621, 23, 304
381, 1354245, 23, 304
382, 1353369, 23, 304
383, 1378544, 23, 307
384, 1378801, 23, 307
385, 1380288, 23, 307
386, 1381954, 23, 307
387, 1418811, 24, 325
388, 1420239, 24, 325
389, 1420260, 24, 325
390, 1420376, 24, 325
391, 1418657, 24, 325
392, 1443633, 24, 332
393, 1443783, 24, 332
394, 1443931, 24, 332
395, 1454493, 24, 332
396, 1454717, 24, 332
397, 1459960, 24, 333
398, 1460196, 24, 333
399, 1461587, 24, 333
400, 1473408, 24, 336
401, 1478224, 24, 338
402, 1482678, 24, 339
403, 1487910, 24, 341
404, 1487958, 24, 341
405, 1488090, 24, 341
406, 1494486, 24, 342
407, 1495219, 24, 342
408, 1496637, 24, 342
409, 1496637, 24, 342
410, 1497388, 24, 342
411, 1497696, 24, 342
412, 1497956, 24, 342
413, 1519312, 25, 346
414, 1521512, 25, 346
415, 1519197, 25, 346
416, 1519199, 25, 346
417, 1529464, 25, 347
418, 1540527, 25, 350
419, 1554671, 25, 354
420, 1558789, 25, 355
421, 1559556, 25, 355
422, 1560160, 25, 355
423, 1561487, 25, 355
424, 1570330, 25, 357
425, 1571127, 25, 358
426, 1574234, 25, 359
427, 1577433, 25, 360
428, 1585522, 25, 361
429, 1586035, 25, 361
430, 1586538, 25, 361
431, 1587824, 25, 361
432, 1588066, 25, 361
433, 1589019, 25, 361
434, 1597222, 25, 362
435, 1597163, 25, 362
436, 1598121, 25, 362
437, 1598106, 25, 362
438, 1599194, 25, 362
439, 1600417, 25, 362
440, 1603179, 25, 362
441, 1605156, 25, 363
442, 1605184, 25, 363
443, 1607373, 25, 364
444, 1608294, 25, 364
445, 1608395, 25, 364
446, 1611481, 25, 364
447, 1614265, 25, 365
448, 1614309, 25, 365
449, 1614132, 25, 365
450, 1617392, 25, 366
451, 1618467, 25, 367
452, 1621589, 25, 368
453, 1622628, 25, 368
454, 1623146, 25, 368
455, 1623278, 25, 368
456, 1623425, 25, 368
457, 1623468, 25, 368
458, 1623815, 25, 368
459, 1624867, 25, 368
460, 1625068, 25, 368
461, 1629443, 25, 369
462, 1629603, 25, 369
463, 1630486, 25, 369
464, 1646316, 25, 372
465, 1650968, 25, 373
466, 1655781, 25, 373
467, 1656405, 25, 373
468, 1668862, 25, 374
469, 1669424, 25, 374
470, 1669216, 25, 375
471, 1669796, 25, 375
472, 1669910, 25, 375
473, 1673877, 25, 376
474, 1674302, 25, 376
475, 1675332, 25, 376
476, 1678566, 25, 377
477, 1678526, 25, 377
478, 1693717, 25, 379
479, 1694065, 25, 379
480, 1695967, 25, 379
481, 1697938, 25, 379
482, 1709380, 25, 380
483, 1711847, 25, 380
484, 1718877, 25, 381
485, 1719960, 25, 381
486, 1722636, 25, 381
487, 1762908, 26, 386
488, 1764657, 26, 386
489, 1765160, 26, 386
490, 1769822, 26, 387
491, 1782236, 26, 388
492, 1784784, 26, 388
493, 1785241, 26, 388
494, 1785900, 26, 388
495, 1786650, 26, 388
496, 1787406, 26, 388
497, 1787451, 26, 388
498, 1787738, 26, 388
499, 1789059, 26, 388
500, 1790378, 26, 388
501, 1787962, 26, 388
502, 1791297, 26, 388
503, 1791463, 26, 388
504, 1792590, 26, 388
505, 1795341, 26, 389
506, 1796495, 26, 389
507, 1799395, 26, 389
508, 1812140, 26, 391
509, 1817495, 26, 392
510, 1818509, 26, 392
511, 1820133, 26, 392
512, 1820220, 26, 392
513, 1819373, 26, 392
514, 1824051, 26, 393
515, 1824160, 26, 393
516, 1826991, 26, 393
517, 1822831, 26, 393
518, 1823176, 26, 393
519, 1824015, 26, 393
520, 1828790, 26, 393
521, 1827566, 26, 393
522, 1827567, 26, 393
523, 1831639, 26, 393
524, 1837410, 26, 393
525, 1841192, 26, 393
526, 1840764, 26, 393
527, 1841194, 26, 393
528, 1841865, 26, 393
529, 1841988, 26, 393
530, 1843132, 26, 393
531, 1857182, 26, 393
532, 1859503, 26, 393
533, 1860961, 26, 394
534, 1874620, 26, 396
535, 1875085, 26, 396
536, 1875143, 26, 396
537, 1875534, 26, 396
538, 1881502, 26, 396
539, 1883574, 26, 399
540, 1886569, 26, 399
541, 1887934, 26, 399
542, 1889920, 26, 399
543, 1891201, 26, 399
544, 1892173, 26, 399
545, 1894829, 26, 400
546, 1895252, 26, 400
547, 1895298, 26, 400
548, 1896459, 26, 400
549, 1898637, 26, 400
550, 1899950, 26, 400
551, 1900081, 26, 400
552, 1891534, 26, 400
553, 1903764, 26, 402
554, 1900601, 26, 402
555, 1901534, 26, 402
556, 1901661, 26, 402
557, 1924467, 26, 407
558, 1928484, 26, 407
559, 1928885, 26, 407
560, 1929314, 26, 407
561, 1930028, 26, 407
562, 1939662, 26, 408
563, 1952028, 26, 413
564, 1952552, 26, 413
565, 1955355, 26, 413
566, 1979505, 26, 414
567, 1979797, 26, 414
568, 1982838, 26, 414
569, 1985083, 26, 414
570, 2120988, 26, 426
571, 2134675, 26, 427
572, 2135322, 26, 427
573, 2143453, 26, 427
574, 2144232, 26, 427
575, 2146882, 26, 428
576, 2149072, 26, 428
577, 2159980, 26, 429
578, 2160082, 26, 429
579, 2162438, 26, 430
580, 2162696, 26, 430
581, 2162897, 26, 430
582, 2163542, 26, 430
583, 2164218, 26, 430
584, 2162490, 26, 430
585, 2164493, 26, 430
586, 2163716, 26, 430
587, 2205802, 26, 440
588, 2204038, 26, 440
589, 2215147, 26, 440
590, 2215156, 26, 440
591, 2215483, 26, 440
592, 2217763, 26, 440
593, 2227356, 26, 442
594, 2237581, 26, 444
595, 2237782, 26, 444
596, 2241589, 26, 444
597, 2242485, 26, 444
598, 2251605, 26, 444
599, 2251659, 26, 444
600, 2256298, 26, 445
601, 2262035, 26, 445
602, 2267155, 26, 446
603, 2267295, 26, 446
604, 2267443, 26, 446
605, 2271120, 26, 446
606, 2273505, 26, 446
607, 2273980, 26, 446
608, 2278707, 26, 447
609, 2280004, 26, 447
610, 2282095, 26, 447
611, 2289762, 26, 447
612, 2289726, 25, 446
613, 2297200, 25, 446
614, 2297259, 25, 446
615, 2297845, 25, 446
616, 2360582, 26, 464
617, 2367024, 26, 464
618, 2367382, 26, 464
619, 2367502, 26, 464
620, 2368780, 26, 464
621, 2371800, 26, 464
622, 2372592, 26, 464
623, 2372621, 26, 464
624, 2370538, 26, 464
625, 2371760, 26, 464
626, 2374603, 26, 464
627, 2374583, 26, 464
628, 2374805, 26, 464
629, 2394945, 26, 470
630, 2399444, 26, 470
631, 2403880, 26, 470
632, 2404127, 26, 470
633, 2406269, 26, 470
634, 2412305, 26, 470
635, 2413865, 26, 470
636, 2416099, 26, 470
637, 2416433, 26, 470
638, 2425439, 26, 473
639, 2427748, 26, 473
640, 2438042, 26, 475
641, 2440751, 26, 475
642, 2440872, 26, 475
643, 2440955, 26, 475
644, 2443877, 26, 475
645, 2444562, 26, 475
646, 2444703, 26, 475
647, 2448204, 26, 475
648, 2448187, 26, 475
649, 2503829, 26, 478
650, 2503911, 26, 478
651, 2539272, 26, 482
652, 2559132, 26, 495
653, 2559564, 26, 495
654, 2562170, 26, 495
655, 2562997, 26, 495
656, 2565128, 26, 496
657, 2565695, 26, 496
658, 2574065, 26, 497
659, 2574586, 26, 497
660, 2581308, 26, 497
661, 2582268, 26, 497
662, 2591385, 26, 500
663, 2591659, 26, 500
664, 2591688, 26, 500
665, 2592928, 26, 500
666, 2593920, 26, 500
667, 2602029, 26, 500
668, 2604506, 26, 500
669, 2625347, 26, 503
670, 2630052, 26, 505
671, 2631280, 26, 505
672, 2657004, 26, 508
673, 2657741, 26, 508
674, 2657925, 26, 508
675, 2659116, 26, 508
676, 2669875, 26, 510
677, 2670139, 26, 510
678, 2671795, 26, 510
679, 2671916, 26, 510
680, 2672708, 26, 510
681, 2679048, 26, 510
682, 2681085, 26, 510
683, 2681886, 26, 510
684, 2681724, 26, 510
685, 2681723, 26, 510
686, 2682338, 26, 510
687, 2726187, 26, 513
688, 2727002, 26, 513
689, 2726860, 26, 513
690, 2731445, 26, 514
691, 2749796, 26, 518
692, 2752512, 27, 519
693, 2753067, 27, 519
694, 2753181, 27, 519
695, 2753763, 27, 519
696, 2754087, 27, 519
697, 2754430, 27, 519
698, 2845544, 27, 522
699, 2849820, 27, 522
700, 2855240, 27, 524
701, 2855774, 27, 524
702, 2860423, 27, 524
703, 2861679, 27, 524
704, 2863172, 27, 524
705, 2871318, 27, 524
706, 2871384, 27, 524
707, 2878690, 27, 524
708, 2878858, 27, 524
709, 2881655, 27, 525
710, 2879867, 27, 525
711, 2880748, 27, 525
712, 2884364, 27, 525
713, 2883546, 27, 525
714, 2884059, 27, 525
715, 2884076, 27, 525
716, 2884480, 27, 525
717, 2886645, 27, 525
718, 2900792, 27, 525
719, 2901569, 27, 525
720, 2901523, 27, 525
721, 2899593, 27, 525
722, 2902295, 27, 526
723, 2906282, 27, 526
724, 2906580, 27, 526
725, 2906646, 27, 526
726, 2907419, 27, 526
727, 2908042, 27, 526
728, 2911988, 27, 526
729, 2912010, 27, 526
730, 2912206, 27, 526
731, 2932646, 27, 530
732, 2933873, 27, 530
733, 2937541, 27, 531
734, 2938206, 27, 531
735, 2937700, 27, 531
736, 2938806, 27, 531
737, 2939921, 27, 531
738, 2939945, 27, 531
739, 2940473, 27, 531
740, 2940520, 27, 531
741, 2942302, 27, 531
742, 2946417, 27, 531
743, 2979658, 27, 534
744, 2984530, 27, 534
745, 2996515, 27, 534
746, 2997088, 27, 534
747, 2998790, 27, 534
748, 3003392, 27, 534
749, 3005471, 27, 534
750, 3006574, 27, 534
751, 3011366, 27, 535
752, 3018836, 27, 536
753, 3022206, 27, 536
754, 3024162, 27, 536
755, 3024311, 27, 536
756, 3024506, 27, 536
757, 3026858, 27, 536
758, 3028053, 27, 536
759, 3029754, 27, 536
760, 3040222, 27, 538
761, 3040514, 27, 538
762, 3295570, 27, 570
763, 3297855, 27, 570
764, 3299199, 27, 576
765, 3299832, 27, 576
766, 3299940, 27, 576
767, 3300887, 27, 576
768, 3301136, 27, 576
769, 3301196, 27, 576
770, 3303519, 27, 576
771, 3302840, 27, 576
772, 3303387, 27, 576
773, 3314597, 27, 580
774, 3314279, 27, 580
775, 3314597, 27, 580
776, 3316750, 27, 580
777, 3317309, 27, 580
778, 3318292, 27, 580
779, 3339080, 27, 581
780, 3339270, 27, 581
781, 3339434, 27, 581
782, 3357162, 27, 582
783, 3377065, 27, 585
784, 3377643, 27, 585
785, 3384428, 27, 585
786, 3384665, 27, 585
787, 3390365, 27, 585
788, 3395465, 27, 585
789, 3405966, 27, 587
790, 3408462, 27, 588
791, 3413407, 27, 589
792, 3417954, 27, 591
793, 3421036, 27, 591
794, 3421043, 27, 591
795, 3421156, 27, 591
796, 3421686, 27, 591
797, 3421900, 27, 591
798, 3421888, 27, 591
799, 3425877, 27, 591
800, 3425896, 27, 591
801, 3429943, 27, 591
802, 3430211, 27, 591
803, 3442493, 27, 591
804, 3443382, 27, 591
805, 3444739, 27, 591
806, 3445898, 27, 591
807, 3446262, 27, 591
808, 3451804, 27, 592
809, 3452267, 27, 592
810, 3456166, 27, 592
811, 3457931, 27, 592
812, 3459012, 27, 592
813, 3459034, 27, 592
814, 3467008, 27, 592
815, 3469629, 28, 593
816, 3474226, 28, 593
817, 3476743, 28, 593
818, 3476753, 28, 593
819, 3477776, 28, 593
820, 3480983, 28, 593
821, 3482343, 28, 593
822, 3485758, 28, 593
823, 3512160, 28, 593
824, 3491902, 28, 593
825, 3508383, 28, 593
826, 3509117, 28, 593
827, 3512260, 28, 594
828, 3513221, 28, 595
829, 3512994, 28, 595
830, 3513072, 28, 595
831, 3542123, 28, 595
832, 3651595, 29, 607
833, 3672145, 29, 608
834, 3672401, 29, 608
835, 3674547, 29, 608
836, 3674636, 29, 608
837, 3675262, 29, 608
838, 3677504, 29, 608
839, 3678567, 29, 608
840, 3680529, 29, 608
841, 3681364, 29, 608
842, 3681674, 29, 608
843, 3696460, 29, 610
844, 3702837, 29, 613
845, 3705167, 29, 614
846, 3706631, 29, 614
847, 3706730, 29, 614
848, 3706809, 29, 614
849, 3706895, 29, 614
850, 3708149, 29, 614
851, 3708947, 29, 614
852, 3709588, 29, 614
853, 3710168, 29, 614
854, 3715593, 29, 614
855, 3715827, 29, 614
856, 3718906, 29, 614
857, 3720148, 29, 614
858, 3726380, 29, 615
859, 3729062, 29, 616
860, 3729304, 29, 616
861, 3729350, 29, 616
862, 3724020, 29, 616
863, 3734869, 29, 616
864, 3734876, 29, 616
865, 3735407, 29, 616
866, 3735777, 29, 616
867, 3736181, 29, 616
868, 3736361, 29, 616
869, 3736805, 29, 616
870, 3739818, 29, 616
871, 3742620, 29, 616
872, 3744998, 29, 616
873, 3745060, 29, 616
874, 3745181, 29, 616
875, 3746311, 29, 616
876, 3746342, 29, 616
877, 3750757, 29, 616
878, 3758069, 29, 616
879, 3759833, 29, 616
880, 3759940, 29, 616
881, 3760364, 29, 616
882, 3761994, 29, 616
883, 3763992, 29, 616
884, 3764336, 29, 616
885, 3772096, 29, 617
886, 3771759, 29, 617
887, 3774389, 29, 617
888, 3774529, 29, 617
889, 3774567, 29, 617
890, 3774567, 29, 617
891, 3779900, 29, 618
892, 3784140, 29, 618
893, 3786336, 29, 618
894, 3792661, 29, 618
895, 3793501, 29, 618
896, 3794927, 29, 618
897, 3795036, 29, 618
898, 3795074, 29, 618
899, 3801992, 29, 620
900, 3803175, 29, 620
901, 3810247, 29, 620
902, 3810355, 29, 620
903, 3818927, 29, 620
904, 3819172, 29, 620
905, 3825749, 29, 620
906, 3825658, 29, 620
907, 3825702, 29, 620
908, 3824780, 29, 620
909, 3825662, 29, 620
910, 3830800, 29, 621
911, 3830931, 29, 621
912, 3834867, 29, 621
913, 3842407, 29, 622
914, 3853784, 29, 625
915, 3853738, 29, 625
916, 3856286, 29, 625
917, 3856553, 29, 625
918, 3861269, 29, 626
919, 3862304, 29, 626
920, 3862705, 29, 626
921, 3862980, 29, 626
922, 3869663, 29, 627
923, 3878789, 29, 627
924, 3878937, 29, 627
925, 3882930, 29, 627
926, 3885684, 29, 627
927, 3887707, 29, 627
928, 3889610, 29, 627
929, 3889947, 29, 627
930, 3893452, 29, 627
931, 3896033, 29, 627
932, 3898633, 29, 627
933, 3898762, 29, 627
934, 3900162, 29, 627
935, 3901287, 29, 627
936, 3901380, 29, 627
937, 3903796, 29, 627
938, 3905063, 29, 627
939, 3907824, 29, 628
940, 3908355, 29, 628
941, 3911662, 29, 628
942, 3916344, 29, 628
943, 3917852, 29, 628
944, 3930843, 29, 628
945, 3931019, 29, 628
946, 3932695, 29, 628
947, 3944155, 29, 632
948, 3945994, 29, 632
949, 3947832, 29, 632
950, 3948334, 29, 632
951, 3948509, 29, 632
952, 3966212, 29, 633
953, 4000308, 29, 639
954, 4008542, 29, 640
955, 4008865, 29, 640
956, 4008865, 29, 640
957, 4009220, 29, 640
958, 4013762, 29, 640
959, 4017992, 29, 640
960, 4021179, 29, 640
961, 4025436, 29, 641
962, 4026421, 29, 641
963, 4026785, 29, 641
964, 4027151, 29, 641
965, 4027338, 29, 641
966, 4029972, 29, 643
967, 4032708, 29, 643
968, 4033061, 29, 643
969, 4033145, 29, 643
970, 4033223, 29, 643
971, 4033541, 29, 643
972, 4033446, 29, 643
973, 4034061, 29, 643
974, 4034086, 29, 643
975, 4049327, 29, 643
976, 4049295, 29, 643
977, 4052312, 29, 644
978, 4053368, 29, 644
979, 4059121, 29, 645
980, 4060795, 29, 645
981, 4062259, 29, 645
982, 4062751, 29, 645
983, 4048003, 29, 645
984, 4047688, 29, 645
985, 4048979, 29, 645
986, 4049366, 29, 645
987, 4049625, 29, 645
988, 4072537, 29, 645
989, 4072755, 29, 645
990, 4079374, 29, 646
991, 4081266, 29, 647
992, 4081503, 29, 647
993, 4082733, 29, 647
994, 4086688, 29, 648
995, 4087801, 29, 648
996, 4103925, 29, 648
997, 4103859, 29, 648
998, 4102720, 29, 648
999, 4102931, 29, 648
1000, 4105697, 29, 648
1001, 4107246, 29, 648
1002, 4109781, 29, 648
1003, 4137791, 29, 646
1004, 4255638, 30, 666
1005, 4268260, 30, 668
1006, 4267327, 30, 668
1007, 4270788, 30, 669
1008, 4271882, 30, 669
1009, 4275955, 30, 670
1010, 4276703, 30, 670
1011, 4277263, 30, 670
1012, 4277945, 30, 670
1013, 4285745, 30, 671
1014, 4285991, 30, 671
1015, 4288544, 30, 672
1016, 4288915, 30, 672
1017, 4287783, 30, 672
1018, 4287631, 30, 672
1019, 4288876, 30, 672
1020, 4335664, 30, 680
1021, 4340269, 30, 681
1022, 4340894, 30, 681
1023, 4490827, 30, 691
1024, 4490843, 30, 691
1025, 4491196, 30, 691
1026, 4600289, 30, 695
1027, 4601921, 30, 695
1028, 4601777, 30, 695
1029, 4583095, 30, 695
1030, 4583500, 30, 695
1031, 4585295, 30, 696
1032, 4585321, 30, 696
1033, 4583337, 30, 696
1034, 4581910, 30, 696
1035, 4584117, 30, 696
1036, 4584287, 30, 696
1037, 4584364, 30, 696
1038, 4584926, 30, 696
1039, 4585236, 30, 696
1040, 4585989, 30, 696
1041, 4588028, 30, 697
1042, 4588769, 30, 697
1043, 4590462, 30, 697
1044, 4590812, 30, 697
1045, 4593279, 30, 697
1046, 4594351, 30, 697
1047, 4597921, 30, 697
1048, 4599357, 30, 697
1049, 4598784, 30, 697
1050, 4586541, 30, 695
1051, 4611962, 31, 703
1052, 4612421, 31, 703
1053, 4617074, 31, 704
1054, 4617536, 31, 704
1055, 4645793, 31, 704
1056, 4645870, 31, 714
1057, 4646637, 31, 714
1058, 4646842, 31, 714
1059, 4647681, 31, 714
1060, 4647769, 31, 714
1061, 4648206, 31, 714
1062, 4648536, 31, 715
1063, 4649955, 31, 715
1064, 4650347, 31, 715
1065, 4659090, 31, 716
1066, 4659577, 31, 716
1067, 4666884, 31, 716
1068, 4666933, 31, 716
1069, 4668330, 31, 716
1070, 4669047, 31, 716
1071, 4670339, 31, 716
1072, 4670755, 31, 716
1073, 4673391, 31, 716
1074, 4682236, 31, 716
1075, 4682793, 31, 716
1076, 4685065, 31, 716
1077, 4685671, 31, 716
1078, 4686596, 31, 716
1079, 4688942, 31, 716
1080, 4692243, 31, 716
1081, 4692563, 31, 716
1082, 4694483, 31, 716
1083, 4695642, 31, 716
1084, 4695932, 31, 716
1085, 4695934, 31, 716
1086, 4704349, 31, 717
1087, 4708139, 31, 718
1088, 4708018, 31, 718
1089, 4709674, 31, 718
1090, 4709819, 31, 718
1091, 4709467, 31, 718
1092, 4711524, 31, 718
1093, 4729025, 32, 723
1094, 4731718, 32, 723
1095, 4732222, 32, 723
1096, 4741447, 32, 724
1097, 4752101, 33, 725
1098, 4753051, 33, 725
1099, 4753645, 33, 725
1100, 4754504, 33, 725
1101, 4771401, 33, 727
1102, 4771521, 33, 727
1103, 4773588, 33, 727
1104, 4773762, 33, 727
1105, 4774210, 33, 727
1106, 4774289, 33, 727
1107, 4772105, 33, 727
1108, 4772551, 33, 727
1109, 4773142, 33, 727
1110, 4777396, 33, 728
1111, 4782036, 33, 729
1112, 4782390, 33, 729
1113, 4782662, 33, 729
1114, 4782915, 33, 729
1115, 4786292, 33, 729
1116, 4788255, 33, 729
1117, 4788349, 33, 729
1118, 4788830, 33, 729
1119, 4785310, 33, 729
1120, 4785949, 33, 729
1121, 4787574, 33, 729
1122, 4787923, 33, 729
1123, 4788523, 33, 729
1124, 4788516, 33, 729
1125, 4790092, 33, 729
1126, 4791172, 33, 729
1127, 4791235, 33, 729
1128, 4792811, 33, 729
1129, 4794302, 33, 729
1130, 4795069, 33, 729
1131, 4796185, 33, 729
1132, 4796967, 33, 729
1133, 4798115, 33, 729
1134, 4798111, 33, 729
1135, 4798227, 33, 729
1136, 4801311, 33, 729
1137, 4801758, 33, 729
1138, 4807970, 33, 732
1139, 4808093, 33, 732
1140, 4807358, 33, 732
1141, 4808385, 33, 732
1142, 4835351, 33, 735
1143, 4838152, 33, 736
1144, 4838209, 33, 737
1145, 4841511, 33, 738
1146, 4843724, 33, 738
1147, 4844088, 33, 738
1148, 4850812, 33, 739
1149, 4853120, 33, 739
1150, 4853486, 33, 739
1151, 4856124, 33, 739
1152, 4855995, 33, 739
1153, 4858592, 33, 739
1154, 4867450, 34, 741
1155, 4867968, 34, 741
1156, 4869336, 34, 741
1157, 4885980, 37, 747
1158, 4895838, 37, 751
1159, 4905965, 38, 755
1160, 4914869, 40, 759
1161, 4931227, 41, 765
1162, 4947961, 41, 768
1163, 4980004, 41, 776
1164, 4941818, 41, 772
1165, 5018577, 44, 788
1166, 5021962, 44, 788
1167, 5022788, 44, 788
1168, 5026797, 44, 788
1169, 5046911, 45, 796
1170, 5047737, 45, 796
1171, 5056053, 47, 800
1172, 5056103, 47, 800
1173, 5061099, 47, 801
1174, 5078209, 48, 809
1175, 5078737, 48, 809
1176, 5080841, 48, 809
1177, 5081397, 48, 809
1178, 5087115, 48, 811
1179, 5087744, 48, 811
1180, 5087842, 48, 811
1181, 5091303, 48, 811
1182, 5093890, 48, 811
1183, 5095424, 48, 811
1184, 5095128, 48, 811
1185, 5098195, 48, 811
1186, 5098518, 48, 811
1187, 5097952, 48, 811
1188, 5098510, 48, 811
1189, 5102431, 48, 811
1190, 5113742, 48, 811
1191, 5131209, 48, 811
1192, 5132895, 48, 811
1193, 5132317, 48, 811
1194, 5134321, 48, 811
1195, 5135732, 48, 811
1196, 5145373, 48, 811
1197, 5146118, 48, 811
1198, 5145167, 48, 811
1199, 5146929, 48, 811
1200, 5146937, 48, 811
1201, 5149188, 48, 811
1202, 5179216, 54, 823
1203, 5193838, 58, 830
1204, 5204024, 58, 832
1205, 5203956, 58, 832
1206, 5210243, 58, 834
1207, 5211843, 58, 834
1208, 5214820, 58, 834
1209, 5221137, 58, 835
1210, 5227472, 58, 838
1211, 5229718, 58, 838
1212, 5233985, 58, 839
1213, 5234902, 58, 839
1214, 5236763, 58, 839
1215, 5238880, 58, 839
1216, 5238982, 58, 839
1217, 5239483, 58, 839
1218, 5239625, 58, 839
1219, 5246149, 58, 841
1220, 5246172, 58, 841
1221, 5246721, 58, 841
1222, 5255998, 58, 845
1223, 5259771, 58, 845
1224, 5273536, 58, 847
1225, 5273769, 58, 847
1226, 5274032, 58, 847
1227, 5761019, 58, 962
1228, 5761539, 58, 962
1229, 5761580, 58, 962
1230, 5761786, 58, 962
1231, 5762057, 58, 962
1232, 5762592, 58, 962
1233, 5763770, 58, 962
1234, 5763190, 58, 962
1235, 5764057, 58, 962
1236, 5765687, 58, 962
1237, 5773128, 58, 962
1238, 5773297, 58, 962
1239, 5776175, 59, 963
1240, 5776658, 59, 963
1241, 5779346, 59, 963
1242, 5781856, 59, 963
1243, 5781683, 59, 963
1244, 5784725, 59, 964
1245, 5786479, 59, 964
1246, 5787167, 59, 964
1247, 5790138, 59, 964
1248, 5792590, 59, 965
1249, 5805215, 59, 965
1250, 5805508, 59, 965
1251, 5809273, 59, 965
1252, 5812766, 59, 965
1253, 5812781, 59, 965
1254, 5813371, 59, 965
1255, 5813845, 59, 965
1256, 5817816, 59, 966
1257, 5822101, 59, 966
1258, 5822289, 59, 966
1259, 5824116, 59, 966
1260, 5824263, 59, 966
1261, 5824774, 59, 966
1262, 5826461, 59, 966
1263, 5826706, 59, 966
1264, 5826396, 59, 966
1265, 5829058, 59, 966
1266, 5829143, 59, 966
1267, 5830950, 59, 966
1268, 5836832, 59, 967
1269, 5837268, 59, 967
1270, 5836981, 59, 967
1271, 5837044, 59, 967
1272, 5837128, 59, 967
1273, 5843891, 59, 969
1274, 5840769, 59, 969
1275, 5848956, 59, 979
1276, 5848839, 59, 979
1277, 5848861, 59, 979
1278, 5849121, 59, 979
1279, 5858629, 59, 981
1280, 5860110, 59, 981
1281, 5861497, 59, 981
1282, 5873011, 60, 983
1283, 5873289, 60, 983
1284, 5874022, 60, 983
1285, 5874197, 60, 983
1286, 5877227, 60, 983
1287, 5879829, 60, 983
1288, 5879915, 60, 983
1289, 5882355, 60, 983
1290, 5884383, 61, 983
1291, 5886877, 61, 984
1292, 5886989, 61, 984
1293, 5887578, 61, 984
1294, 5890111, 61, 985
1295, 5890475, 61, 985
1296, 5890922, 61, 985
1297, 5891047, 61, 985
1298, 5894751, 61, 986
1299, 5895159, 61, 986
1300, 5896542, 61, 986
1301, 5896783, 61, 986
1302, 5899210, 61, 986
1303, 5903396, 61, 985
1304, 5904180, 61, 985
1305, 5904823, 61, 985
1306, 5921399, 61, 988
1307, 5921604, 61, 988
1308, 5923089, 61, 988
1309, 5922873, 61, 988
1310, 5922934, 61, 988
1311, 5925770, 61, 989
1312, 5925788, 61, 989
1313, 5926143, 61, 989
1314, 5928562, 61, 990
1315, 5928700, 61, 990
1316, 5931638, 61, 991
1317, 5936323, 61, 991
1318, 5938749, 61, 992
1319, 5938943, 61, 992
1320, 5940189, 61, 992
1321, 5943815, 61, 992
1322, 5944632, 61, 992
1323, 5945911, 61, 992
1324, 5945911, 61, 992
1325, 5946681, 61, 992
1326, 5947908, 61, 992
1327, 5948366, 61, 992
1328, 5948987, 61, 992
1329, 5949509, 61, 992
1330, 5957634, 61, 992
1331, 5971835, 62, 994
1332, 5972204, 62, 994
1333, 5973538, 62, 994
1334, 5977638, 62, 995
1335, 5978507, 62, 995
1336, 5979630, 62, 995
1337, 5979628, 62, 995
1338, 5979990, 62, 995
1339, 5980232, 62, 995
1340, 5984811, 62, 997
1341, 5987044, 62, 997
1342, 5987177, 62, 997
1343, 5987818, 62, 997
1344, 6002432, 63, 1000
1345, 6006696, 63, 1001
1346, 6008897, 63, 1002
1347, 6007456, 63, 1002
1348, 6009105, 63, 1003
1349, 6009430, 63, 1003
1350, 6012717, 63, 1004
1351, 6017427, 64, 1006
1352, 6022756, 64, 1009
1353, 6026979, 64, 1009
1354, 6027425, 64, 1009
1355, 6027648, 64, 1009
1356, 6028711, 64, 1009
1357, 6055755, 64, 1009
1358, 6060911, 64, 1010
1359, 6061712, 64, 1010
1360, 6062027, 64, 1010
1361, 6062793, 64, 1010
1362, 6063370, 64, 1010
1363, 6068597, 64, 1011
1364, 6069730, 64, 1011
1365, 6070358, 64, 1011
1366, 6076708, 64, 1013
1367, 6083927, 64, 1013
1368, 6085872, 64, 1013
1369, 6086141, 64, 1013
1370, 6088055, 65, 1014
1371, 6094711, 65, 1014
1372, 6096448, 65, 1014
1373, 6096739, 65, 1014
1374, 6098236, 65, 1014
1375, 6098527, 65, 1014
1376, 6099827, 65, 1014
1377, 6111004, 65, 1016
1378, 6115400, 65, 1017
1379, 6121770, 65, 1018
1380, 6040852, 65, 1018
1381, 6062934, 65, 1018
1382, 6063721, 65, 1018
1383, 6053702, 65, 1018
1384, 6038088, 65, 1018
1385, 6038296, 65, 1018
1386, 6041418, 65, 1019
1387, 6041326, 65, 1019
1388, 6043453, 65, 1020
1389, 6043612, 65, 1020
1390, 6044644, 65, 1021
1391, 6046065, 65, 1021
1392, 6048623, 65, 1021
1393, 6054308, 66, 1023
1394, 6055506, 66, 1023
1395, 6057592, 66, 1023
1396, 6061838, 66, 1023
1397, 6066893, 66, 1027
1398, 6067627, 66, 1027
1399, 6068719, 66, 1027
1400, 6073576, 66, 1028
1401, 6076268, 66, 1028
1402, 6078224, 66, 1029
1403, 6078510, 66, 1029
1404, 6116069, 66, 1031
1405, 6118267, 66, 1031
1406, 6118378, 66, 1031
1407, 6118756, 66, 1031
1408, 6118800, 66, 1031
1409, 6122119, 66, 1031
1410, 6122979, 66, 1031
1411, 6121732, 66, 1031
1412, 6122351, 66, 1031
1413, 6132670, 66, 1033
1414, 6136729, 66, 1033
1415, 6147729, 66, 1033
1416, 6155765, 66, 1033
1417, 6157575, 66, 1033
1418, 6158584, 66, 1033
1419, 6161818, 66, 1033
1420, 6163153, 66, 1033
1421, 6166089, 66, 1034
1422, 6166185, 66, 1034
1423, 6166619, 66, 1034
1424, 6166920, 66, 1034
1425, 6168386, 66, 1034
1426, 6168625, 66, 1034
1427, 6168913, 66, 1034
1428, 6169453, 66, 1034
1429, 6170932, 66, 1034
1430, 6171030, 66, 1034
1431, 6175911, 66, 1035
1432, 6175790, 66, 1035
1433, 6176215, 66, 1035
1434, 6181454, 66, 1036
1435, 6182961, 66, 1036
1436, 6183174, 66, 1036
1437, 6183538, 66, 1036
1438, 6184071, 66, 1036
1439, 6184401, 66, 1036
1440, 6185234, 66, 1037
1441, 6185061, 66, 1037
1442, 6185105, 66, 1037
1443, 6185083, 66, 1037
1444, 6185519, 66, 1037
1445, 6185525, 66, 1037
1446, 6185630, 66, 1037
1447, 6187153, 66, 1040
1448, 6187127, 66, 1040
1449, 6187120, 66, 1040
1450, 6187132, 66, 1040
1451, 6193735, 66, 1040
1452, 6193785, 66, 1040
1453, 6205791, 66, 1040
1454, 6206585, 66, 1040
1455, 6206573, 66, 1040
1456, 6206569, 66, 1040
1457, 6206957, 66, 1040
1458, 6206951, 66, 1040
1459, 6208357, 66, 1041
1460, 6208654, 66, 1041
1461, 6208981, 66, 1041
1462, 6307565, 69, 1061
1463, 6309772, 69, 1062
1464, 6309863, 69, 1062
1465, 6312103, 69, 1062
1466, 6311979, 69, 1062
1467, 6317001, 69, 1062
1468, 6322040, 69, 1063
1469, 6322281, 69, 1063
1470, 6484022, 76, 1096
1471, 6489194, 76, 1097
1472, 6489476, 76, 1097
1473, 6488745, 76, 1097
1474, 6776883, 91, 1193
1475, 6812837, 92, 1211
1476, 6812527, 92, 1211
1477, 6818685, 92, 1211
1478, 6882175, 93, 1216
1479, 6882804, 93, 1216
1480, 7009268, 96, 1247
1481, 7009268, 96, 1247
1482, 7009758, 96, 1247
1483, 7114162, 99, 1258
1484, 7112715, 99, 1258
1485, 7144085, 100, 1260
1486, 7144308, 100, 1260
1487, 7190795, 102, 1279
1488, 7264122, 105, 1288
1489, 7264969, 105, 1288
1490, 7288967, 105, 1291
1491, 7445280, 118, 1339
1492, 7445528, 118, 1339
1493, 7549900, 118, 1354
1494, 7550098, 118, 1354
1495, 7723306, 123, 1397
1496, 7722750, 123, 1397
1497, 7722250, 123, 1397
1498, 7884893, 126, 1421
1499, 7884401, 126, 1421
1500, 8125564, 134, 1476
1501, 8246211, 136, 1489
1502, 8246593, 136, 1489
1503, 8246520, 136, 1489
1504, 8246670, 136, 1489
1505, 8327421, 137, 1509
1506, 8324043, 137, 1525
1507, 8324162, 137, 1525
1508, 8323950, 137, 1525
1509, 8332405, 137, 1527
1510, 8332499, 137, 1527
1511, 8332510, 137, 1527
1512, 8332510, 137, 1527
1513, 8358764, 138, 1535
1514, 8358795, 138, 1535
1515, 8358795, 138, 1535
1516, 8379032, 138, 1537
1517, 8379157, 138, 1537
1518, 8379447, 138, 1537
1519, 8379525, 138, 1537
1520, 8379519, 138, 1537
1521, 8399092, 139, 1541
1522, 8399092, 139, 1541
1523, 8399095, 139, 1541
1524, 8399234, 139, 1541
1525, 8591255, 139, 1549
1526, 8591504, 139, 1549
1527, 8590958, 139, 1549
1528, 8590958, 139, 1549
1529, 8591335, 139, 1549
1530, 8591377, 139, 1549
1531, 8591685, 139, 1549
1532, 8591919, 139, 1549
1533, 8591921, 139, 1549
1534, 8591965, 139, 1549
1535, 8591942, 139, 1549
1536, 8591837, 139, 1549
1537, 8592690, 139, 1549
1538, 8592690, 139, 1549
1539, 8592724, 139, 1549
1540, 8593271, 139, 1549
1541, 8593447, 139, 1549
1542, 8593440, 139, 1549
1543, 8593448, 139, 1549
1544, 8593682, 139, 1549
1545, 8603005, 139, 1549
1546, 8605828, 139, 1549
1547, 8606038, 139, 1549
1548, 8606162, 139, 1549
1549, 8606272, 139, 1549
1550, 8606272, 139, 1549
1551, 8606305, 139, 1549
1552, 8608902, 139, 1549
1553, 8608903, 139, 1549
1554, 8611532, 139, 1549
1555, 8612127, 139, 1549
1556, 8614489, 139, 1549
1557, 8617030, 139, 1549
1558, 8617229, 139, 1549
1559, 8629559, 139, 1551
1560, 8629687, 139, 1551
1561, 8635532, 139, 1552
1562, 8636254, 139, 1552
1563, 8636264, 139, 1552
1564, 8638998, 139, 1553
1565, 8639085, 139, 1553
1566, 8639973, 139, 1553
1567, 8640106, 139, 1553
1568, 8641678, 139, 1553
1569, 8642787, 139, 1553
1570, 8643684, 139, 1553
1571, 8645062, 139, 1553
1572, 8645273, 139, 1553
1573, 8645421, 139, 1553
1574, 8647448, 139, 1553
1575, 8649121, 139, 1553
1576, 8652741, 139, 1554
1577, 8653216, 139, 1554
1578, 8653221, 139, 1554
1579, 8653790, 139, 1554
1580, 8654340, 139, 1554
1581, 8654336, 139, 1554
1582, 8658169, 139, 1553
1583, 8658294, 139, 1553
1584, 8658322, 139, 1553
1585, 8658643, 139, 1553
1586, 8658643, 139, 1553
1587, 8661020, 139, 1554
1588, 8661020, 139, 1554
1589, 8661020, 139, 1554
1590, 8661014, 139, 1554
1591, 8665658, 139, 1555
1592, 8666030, 139, 1555
1593, 8666028, 139, 1555
1594, 8666117, 139, 1555
1595, 8666289, 139, 1555
1596, 8667387, 139, 1555
1597, 8667806, 139, 1555
1598, 8671302, 139, 1556
1599, 8673804, 139, 1557
1600, 8674366, 139, 1557
1601, 8674023, 139, 1557
1602, 8674019, 139, 1557
1603, 8676050, 139, 1557
1604, 8676949, 139, 1557
1605, 8676949, 139, 1557
1606, 8676951, 139, 1557
1607, 8676942, 139, 1557
1608, 8679715, 139, 1558
1609, 8681151, 139, 1558
1610, 8684836, 140, 1560
1611, 8681151, 139, 1558
1612, 8681149, 139, 1558
1613, 8681151, 139, 1558
1614, 8684911, 140, 1560
1615, 8687626, 140, 1561
1616, 8687721, 140, 1561
1617, 8691219, 140, 1563
1618, 8691219, 140, 1563
1619, 8691800, 140, 1563
1620, 8691809, 140, 1563
1621, 8691677, 140, 1563
1622, 8699520, 140, 1563
1623, 8691677, 140, 1563
1624, 8691895, 140, 1563
1625, 8691921, 140, 1563
1626, 8691914, 140, 1563
1627, 8691952, 140, 1563
1628, 8691990, 140, 1563
1629, 8710916, 140, 1564
1630, 8718432, 140, 1564
1631, 8718510, 140, 1564
1632, 8718542, 140, 1564
1633, 8718664, 140, 1564
1634, 8718666, 140, 1564
1635, 8718814, 140, 1564
1636, 8718931, 140, 1564
1637, 8719112, 140, 1564
1638, 8719109, 140, 1564
1639, 8719202, 140, 1564
1640, 8719374, 140, 1564
1641, 8719556, 140, 1564
1642, 8719544, 140, 1564
1643, 8719643, 140, 1564
1644, 8719924, 140, 1564
1645, 8720028, 140, 1564
1646, 8720157, 140, 1564
1647, 8720154, 140, 1564
1648, 8720162, 140, 1564
1649, 8720268, 140, 1564
1650, 8720276, 140, 1564
1651, 8721448, 140, 1564
1652, 8721475, 140, 1564
1653, 8722766, 140, 1564
1654, 8722959, 140, 1564
1655, 8723846, 140, 1565
1656, 8724409, 140, 1565
1657, 8724590, 140, 1565
1658, 8729940, 140, 1569
1659, 8734656, 140, 1573
1660, 8734994, 140, 1573
1661, 8735282, 140, 1573
1662, 8735350, 140, 1573
1663, 8735462, 140, 1573
1664, 8735464, 140, 1573
1665, 8742084, 140, 1575
1666, 8742107, 140, 1575
1667, 8742019, 140, 1575
1668, 8742046, 140, 1575
1669, 8742083, 140, 1575
1670, 8742198, 140, 1575
1671, 8742172, 140, 1575
1672, 8742192, 140, 1575
1673, 8743091, 140, 1575
1674, 8744024, 140, 1575
1675, 8743269, 140, 1575
1676, 8743266, 140, 1575
1677, 8749084, 140, 1576
1678, 8749094, 140, 1576
1679, 8749112, 140, 1576
1680, 8751253, 140, 1576
1681, 8753391, 140, 1577
1682, 8753870, 140, 1577
1683, 8754130, 140, 1577
1684, 8754130, 140, 1577
1685, 8754956, 140, 1577
1686, 8757244, 140, 1577
1687, 8756392, 140, 1577
1688, 8756493, 140, 1577
1689, 8756645, 140, 1577
1690, 8756705, 140, 1577
1691, 8756815, 140, 1577
1692, 8756819, 140, 1577
1693, 8762971, 140, 1577
1694, 8763497, 140, 1577
1695, 8763592, 140, 1577
1696, 8763555, 140, 1577
1697, 8764163, 140, 1577
1698, 8764273, 140, 1577
1699, 8764480, 140, 1577
1700, 8778152, 140, 1579
1701, 8778153, 140, 1579
1702, 8777545, 140, 1579
1703, 8777614, 140, 1579
1704, 8777709, 140, 1579
1705, 8778635, 140, 1579
1706, 8778691, 140, 1579
1707, 8778719, 140, 1579
1708, 8778305, 140, 1579
1709, 8778600, 140, 1579
1710, 8778618, 140, 1579
1711, 8778619, 140, 1579
1712, 8778610, 140, 1579
1713, 8778794, 140, 1579
1714, 8778769, 140, 1579
1715, 8779159, 140, 1579
1716, 8786437, 141, 1585
1717, 8786437, 141, 1585
1718, 8793380, 141, 1588
1719, 8796261, 141, 1589
1720, 8796855, 141, 1589
1721, 8796849, 141, 1589
1722, 8796881, 141, 1589
1723, 8796987, 141, 1589
1724, 8797287, 141, 1589
1725, 8797300, 141, 1589
1726, 8797392, 141, 1589
1727, 8809385, 141, 1589
1728, 8809390, 141, 1589
1729, 8809393, 141, 1589
1730, 8809484, 141, 1589
1731, 8814853, 141, 1590
1732, 8815175, 141, 1590
1733, 8815231, 141, 1590
1734, 8815480, 141, 1590
1735, 8815498, 141, 1590
1736, 8815561, 141, 1590
1737, 8819076, 141, 1591
1738, 8820242, 141, 1591
1739, 8820319, 141, 1591
1740, 8820182, 141, 1591
1741, 8819988, 141, 1591
1742, 8820013, 141, 1591
1743, 8820722, 141, 1591
1744, 8821156, 141, 1591
1745, 8822680, 141, 1591
1746, 8822700, 141, 1591
1747, 8821349, 141, 1591
1748, 8821513, 141, 1591
1749, 8821880, 141, 1591
1750, 8827100, 141, 1592
1751, 8827101, 141, 1592
1752, 8827624, 141, 1592
1753, 8829497, 141, 1592
1754, 8829767, 141, 1592
1755, 8834915, 141, 1593
1756, 8834945, 141, 1593
1757, 8834989, 141, 1593
1758, 8836355, 141, 1593
1759, 8837408, 141, 1593
1760, 8845279, 141, 1593
1761, 8845258, 141, 1593
1762, 8845272, 141, 1593
1763, 8850373, 141, 1593
1764, 8850945, 141, 1593
1765, 8851861, 141, 1593
1766, 8854884, 141, 1593
1767, 8855934, 141, 1593
1768, 8860338, 141, 1594
1769, 8860548, 141, 1594
1770, 8863665, 141, 1595
1771, 8864655, 141, 1595
1772, 8864657, 141, 1595
1773, 8864691, 141, 1595
1774, 8868360, 141, 1596
1775, 8871657, 141, 1596
1776, 8876347, 141, 1596
1777, 8873050, 141, 1596
1778, 8873427, 141, 1596
1779, 8873632, 141, 1596
1780, 8873638, 141, 1596
1781, 8880172, 141, 1596
1782, 8880120, 141, 1596
1783, 8883202, 141, 1596
1784, 8884579, 141, 1596
1785, 8884748, 141, 1596
1786, 8884631, 141, 1596
1787, 8884659, 141, 1596
1788, 8884731, 141, 1596
1789, 8884731, 141, 1596
1790, 8885789, 141, 1596
1791, 8886266, 141, 1596
1792, 8888550, 141, 1597
1793, 8889078, 141, 1597
1794, 8889919, 141, 1597
1795, 8890085, 141, 1597
1796, 8889849, 141, 1597
1797, 8890034, 141, 1597
1798, 8892974, 141, 1598
1799, 8892992, 141, 1598
1800, 8894607, 141, 1598
1801, 8894623, 141, 1598
1802, 8894667, 141, 1598
1803, 8894881, 141, 1598
1804, 8893811, 141, 1598
1805, 8951314, 142, 1606
1806, 8951348, 142, 1606
1807, 8951348, 142, 1606
1808, 8951854, 142, 1606
1809, 8952060, 142, 1606
1810, 8952059, 142, 1606
1811, 8952120, 142, 1606
1812, 8952196, 142, 1606
1813, 8952207, 142, 1606
1814, 8953694, 142, 1607
1815, 8953732, 142, 1607
1816, 8953933, 142, 1607
1817, 8954504, 142, 1607
1818, 8955586, 142, 1607
1819, 8959023, 142, 1608
1820, 8958936, 142, 1608
1821, 8958926, 142, 1608
1822, 8958987, 142, 1608
1823, 8959201, 142, 1608
1824, 8959715, 142, 1608
1825, 8959747, 142, 1608
1826, 8962999, 142, 1608
1827, 8962978, 142, 1608
1828, 8963312, 142, 1608
1829, 8963312, 142, 1608
1830, 8963861, 142, 1608
1831, 8963873, 142, 1608
1832, 8964071, 142, 1608
1833, 8966047, 142, 1608
1834, 8965791, 142, 1608
1835, 8966205, 142, 1608
1836, 8966467, 142, 1608
1837, 8967054, 142, 1608
1838, 8967241, 142, 1608
1839, 8967976, 142, 1608
1840, 8967967, 142, 1608
1841, 8969891, 142, 1608
1842, 8970196, 142, 1608
1843, 8970267, 142, 1608
1844, 8970332, 142, 1608
1845, 8969417, 142, 1607
1846, 8969837, 145, 1610
1847, 8970035, 145, 1611
1848, 8969474, 143, 1608
1849, 8970150, 144, 1610
1850, 8970150, 144, 1610
1851, 8970150, 144, 1610
1852, 8970446, 144, 1610
1853, 8970465, 144, 1610
1854, 8970820, 146, 1612
1855, 8970820, 146, 1612
1856, 8971017, 146, 1613
1857, 8971360, 146, 1613
1858, 8970874, 146, 1612
1859, 8971915, 146, 1613
1860, 8972405, 146, 1613
1861, 8965533, 146, 1613
1862, 8964221, 146, 1613
1863, 8959809, 146, 1613
1864, 8959933, 146, 1613
1865, 8959925, 146, 1613
1866, 8960069, 146, 1613
1867, 8963712, 147, 1614
1868, 8963410, 147, 1614
1869, 8965415, 147, 1614
1870, 9096736, 147, 1614
1871, 9097408, 147, 1614
1872, 9097407, 147, 1614
1873, 9098293, 147, 1614
1874, 9098705, 147, 1614
1875, 9098814, 147, 1614
1876, 9099485, 147, 1614
1877, 9097869, 147, 1614
1878, 9101692, 147, 1615
1879, 9102504, 147, 1615
1880, 9103842, 147, 1616
1881, 9103951, 147, 1616
1882, 9104292, 147, 1616
1883, 9104292, 147, 1616
1884, 9104606, 147, 1616
1885, 9104836, 147, 1616
1886, 9104976, 147, 1616
1887, 9116207, 148, 1626
1888, 9127215, 148, 1629
1889, 9127545, 148, 1629
1890, 9126912, 148, 1629
1891, 9126914, 148, 1629
1892, 9127435, 148, 1629
1893, 9130049, 149, 1630
1894, 9127962, 148, 1629
1895, 9128151, 148, 1629
1896, 9124705, 148, 1627
1897, 9131393, 149, 1631
1898, 9131394, 149, 1631
1899, 9131622, 149, 1631
1900, 9131661, 149, 1631
1901, 9131684, 149, 1631
1902, 9132780, 149, 1631
1903, 9133308, 149, 1631
1904, 9134836, 149, 1631
1905, 9134849, 149, 1631
1906, 9145148, 149, 1632
1907, 9145774, 149, 1632
1908, 9146102, 149, 1632
1909, 9146106, 149, 1632
1910, 9145342, 149, 1632
1911, 9147663, 149, 1633
1912, 9147970, 149, 1633
1913, 9151463, 149, 1634
1914, 9151814, 149, 1634
1915, 9151819, 149, 1634
1916, 9152249, 149, 1634
1917, 9152505, 149, 1634
1918, 9152531, 149, 1634
1919, 9152345, 149, 1634
1920, 9152327, 149, 1634
1921, 9152455, 149, 1634
1922, 9155845, 149, 1634
1923, 9155919, 149, 1634
1924, 9156838, 149, 1634
1925, 9156904, 149, 1634
1926, 9156936, 149, 1634
1927, 9157157, 149, 1634
1928, 9157186, 149, 1634
1929, 9157268, 149, 1634
1930, 9154601, 149, 1634
1931, 9154715, 149, 1634
1932, 9155707, 149, 1634
1933, 9155852, 149, 1634
1934, 9155855, 149, 1634
1935, 9167013, 149, 1636
1936, 9172978, 149, 1637
1937, 9173038, 149, 1637
1938, 9173119, 149, 1637
1939, 9173099, 149, 1637
1940, 9176201, 149, 1638
1941, 9176452, 149, 1638
1942, 9176580, 149, 1638
1943, 9176633, 149, 1638
1944, 9176707, 149, 1638
1945, 9176829, 149, 1638
1946, 9176831, 149, 1638
1947, 9177916, 149, 1638
1948, 9178240, 149, 1639
1949, 9178298, 149, 1639
1950, 9177845, 149, 1639
1951, 9172182, 149, 1638
1952, 9172372, 149, 1638
1953, 9173161, 149, 1638
1954, 9173279, 149, 1638
1955, 9173376, 149, 1638
1956, 9173382, 149, 1638
1957, 9174831, 149, 1638
1958, 9174978, 149, 1638
1959, 9175021, 149, 1638
1960, 9175022, 149, 1638
1961, 9175116, 149, 1638
1962, 9175791, 149, 1638
1963, 9175791, 149, 1638
1964, 9173032, 149, 1637
1965, 9172852, 149, 1637
1966, 9173012, 149, 1637
1967, 9174073, 149, 1637
1968, 9174479, 149, 1637
1969, 9175819, 149, 1637
1970, 9175928, 149, 1637
1971, 9176277, 149, 1637
1972, 9176289, 149, 1637
1973, 9176290, 149, 1637
1974, 9195355, 149, 1639
1975, 9195430, 149, 1639
1976, 9195449, 149, 1639
1977, 9195489, 149, 1639
1978, 9201495, 149, 1640
1979, 9201498, 149, 1640
1980, 9201563, 149, 1640
1981, 9202594, 149, 1640
1982, 9202770, 149, 1640
1983, 9202892, 149, 1640
1984, 9203912, 149, 1640
1985, 9204300, 149, 1640
1986, 9204534, 149, 1640
1987, 9204843, 149, 1640
1988, 9204856, 149, 1640
1989, 9205323, 149, 1640
1990, 9205616, 149, 1640
1991, 9205710, 149, 1640
1992, 9206072, 149, 1640
1993, 9206364, 149, 1640
1994, 9206417, 149, 1640
1995, 9212003, 149, 1641
1996, 9212081, 149, 1641
1997, 9217789, 149, 1643
1998, 9220142, 149, 1644
1999, 9220202, 149, 1644
2000, 9220204, 149, 1644
2001, 9220470, 149, 1644
2002, 9220470, 149, 1644
2003, 9220704, 149, 1644
2004, 9220832, 149, 1644
2005, 9220893, 149, 1644
2006, 9220893, 149, 1644
2007, 9220988, 149, 1644
2008, 9221326, 149, 1644
2009, 9220988, 149, 1644
2010, 9220893, 149, 1644
2011, 9221284, 149, 1644
2012, 9221705, 149, 1644
2013, 9221947, 149, 1644
2014, 9223543, 149, 1645
2015, 9223566, 149, 1645
2016, 9223566, 149, 1645
2017, 9223924, 149, 1645
2018, 9223967, 149, 1645
2019, 9224054, 149, 1645
2020, 9224251, 149, 1645
2021, 9224217, 149, 1645
2022, 9224354, 149, 1645
2023, 9224394, 149, 1645
2024, 9224591, 149, 1645
2025, 9225203, 149, 1645
2026, 9224798, 149, 1645
2027, 9224780, 149, 1645
2028, 9228693, 149, 1646
2029, 9228702, 149, 1646
2030, 9229812, 149, 1646
2031, 9229819, 149, 1646
2032, 9229818, 149, 1646
2033, 9229850, 149, 1646
2034, 9229846, 149, 1646
2035, 9229847, 149, 1646
2036, 9229936, 149, 1646
2037, 9229953, 149, 1646
2038, 9230090, 149, 1646
2039, 9230217, 149, 1646
2040, 9230217, 149, 1646
2041, 9230252, 149, 1646
2042, 9230465, 149, 1646
2043, 9230466, 149, 1646
2044, 9230491, 149, 1646
2045, 9230962, 149, 1646
2046, 9237840, 149, 1647
2047, 9237797, 149, 1647
2048, 9237859, 149, 1647
2049, 9238593, 149, 1647
2050, 9238958, 149, 1647
2051, 9239010, 149, 1647
2052, 9239009, 149, 1647
2053, 9239985, 149, 1647
2054, 9239981, 149, 1647
2055, 9240240, 149, 1647
2056, 9240387, 149, 1647
2057, 9240895, 149, 1647
2058, 9240972, 149, 1647
2059, 9241349, 149, 1647
2060, 9241606, 149, 1647
2061, 9241782, 149, 1647
2062, 9241570, 149, 1647
2063, 9242473, 149, 1647
2064, 9242472, 149, 1647
2065, 9242721, 149, 1647
2066, 9246615, 150, 1650
2067, 9246585, 150, 1650
2068, 9247305, 150, 1650
2069, 9247360, 150, 1650
2070, 9247363, 150, 1650
2071, 9248773, 150, 1650
2072, 9248789, 150, 1650
2073, 9248792, 150, 1650
2074, 9248871, 150, 1650
2075, 9249118, 150, 1650
2076, 9249765, 150, 1650
2077, 9249895, 150, 1650
2078, 9250023, 150, 1650
2079, 9254889, 150, 1651
2080, 9254929, 150, 1651
2081, 9254970, 150, 1651
2082, 9254971, 150, 1651
2083, 9255030, 150, 1651
2084, 9262617, 150, 1652
2085, 9262636, 150, 1652
2086, 9262478, 150, 1652
2087, 9262349, 150, 1652
2088, 9262659, 150, 1652
2089, 9262674, 150, 1652
2090, 9262709, 150, 1652
2091, 9263059, 150, 1652
2092, 9263294, 150, 1652
2093, 9263294, 150, 1652
2094, 9263345, 150, 1652
2095, 9264833, 150, 1652
2096, 9265110, 150, 1652
2097, 9266656, 150, 1652
2098, 9271085, 150, 1653
2099, 9271420, 150, 1653
2100, 9273256, 150, 1653
2101, 9273665, 150, 1653
2102, 9273665, 150, 1653
2103, 9273089, 150, 1653
2104, 9284011, 150, 1654
2105, 9284113, 150, 1654
2106, 9284114, 150, 1654
2107, 9284119, 150, 1654
2108, 9284073, 150, 1654
2109, 9277514, 150, 1654
2110, 9277234, 150, 1654
2111, 9280345, 150, 1655
2112, 9280547, 150, 1655
2113, 9280847, 150, 1655
2114, 9284399, 150, 1656
2115, 9284543, 150, 1656
2116, 9285007, 150, 1656
2117, 9325791, 151, 1662
2118, 9325916, 151, 1665
2119, 9327382, 151, 1665
2120, 9327384, 151, 1665
2121, 9327492, 151, 1665
2122, 9327577, 151, 1665
2123, 9327741, 151, 1665
2124, 9327733, 151, 1665
2125, 9327943, 151, 1665
2126, 9328002, 151, 1665
2127, 9328423, 151, 1665
2128, 9328421, 151, 1665
2129, 9326843, 151, 1665
2130, 9327203, 151, 1665
2131, 9327104, 151, 1665
2132, 9327104, 151, 1665
2133, 9338436, 151, 1667
2134, 9338211, 151, 1667
2135, 9338385, 151, 1667
2136, 9339127, 151, 1667
2137, 9339182, 151, 1667
2138, 9342499, 151, 1668
2139, 9342499, 151, 1668
2140, 9342766, 151, 1668
2141, 9342793, 151, 1668
2142, 9342832, 151, 1668
2143, 9343543, 151, 1668
2144, 9340594, 151, 1668
2145, 9341625, 151, 1668
2146, 9341664, 151, 1668
2147, 9342204, 151, 1668
2148, 9342280, 151, 1668
2149, 9342623, 151, 1668
2150, 9342624, 151, 1668
2151, 9343598, 151, 1668
2152, 9345095, 151, 1668
2153, 9345116, 151, 1668
2154, 9346627, 151, 1668
2155, 9346634, 151, 1668
2156, 9350193, 151, 1668
2157, 9351054, 151, 1668
2158, 9351055, 151, 1668
2159, 9351255, 151, 1668
2160, 9351532, 151, 1668
2161, 9351133, 151, 1668
2162, 9351136, 151, 1668
2163, 9351349, 151, 1668
2164, 9351349, 151, 1668
2165, 9352425, 151, 1668
2166, 9352319, 151, 1668
2167, 9352359, 151, 1668
2168, 9352357, 151, 1668
2169, 9324818, 151, 1668
2170, 9358499, 151, 1668
2171, 9357166, 151, 1668
2172, 9357186, 151, 1668
2173, 9357389, 151, 1668
2174, 9357499, 151, 1668
2175, 9357499, 151, 1668
2176, 9360539, 151, 1669
2177, 9360528, 151, 1669
2178, 9358722, 151, 1668
2179, 9358276, 151, 1668
2180, 9358311, 151, 1668
2181, 9358310, 151, 1668
2182, 9361357, 151, 1668
2183, 9363599, 151, 1669
2184, 9363958, 151, 1669
2185, 9363991, 151, 1669
2186, 9364514, 151, 1669
2187, 9365147, 151, 1669
2188, 9365374, 151, 1669
2189, 9366417, 151, 1669
2190, 9366417, 151, 1669
2191, 9369117, 151, 1670
2192, 9369073, 151, 1670
2193, 9369837, 151, 1670
2194, 9371330, 151, 1671
2195, 9372196, 151, 1671
2196, 9375077, 151, 1671
2197, 9375465, 151, 1671
2198, 9376209, 151, 1671
2199, 9376205, 151, 1671
2200, 9376280, 151, 1671
2201, 9377624, 151, 1671
2202, 9377845, 151, 1671
2203, 9378262, 151, 1671
2204, 9378543, 151, 1671
2205, 9378762, 151, 1671
2206, 9378927, 151, 1671
2207, 9379157, 151, 1671
2208, 9378204, 151, 1671
2209, 9362595, 151, 1671
2210, 9362599, 151, 1671
2211, 9363596, 151, 1671
2212, 9361565, 151, 1671
2213, 9360391, 151, 1671
2214, 9355593, 151, 1670
2215, 9355594, 151, 1670
2216, 9355565, 151, 1670
2217, 9355854, 151, 1670
2218, 9355969, 151, 1670
2219, 9355867, 151, 1670
2220, 9355752, 151, 1670
2221, 9355510, 151, 1670
2222, 9355530, 151, 1670
2223, 9355794, 151, 1670
2224, 9355805, 151, 1670
2225, 9357762, 151, 1671
2226, 9357761, 151, 1671
2227, 9357937, 151, 1671
2228, 9359704, 151, 1672
2229, 9356816, 151, 1671
2230, 9356782, 151, 1671
2231, 9357182, 151, 1671
2232, 9357869, 151, 1671
2233, 9359873, 151, 1672
2234, 9359887, 151, 1672
2235, 9359777, 151, 1672
2236, 9360841, 151, 1672
2237, 9362961, 151, 1673
2238, 9362943, 151, 1673
2239, 9362652, 151, 1673
2240, 9362682, 151, 1673
2241, 9363444, 151, 1673
2242, 9363353, 151, 1673
2243, 9364073, 151, 1673
2244, 9363978, 151, 1673
2245, 9362725, 151, 1673
2246, 9363102, 151, 1673
2247, 9360186, 151, 1673
2248, 9360174, 151, 1673
2249, 9357641, 151, 1673
2250, 9356747, 151, 1673
2251, 9352711, 151, 1672
2252, 9291618, 151, 1671
2253, 9276398, 151, 1670
2254, 9263592, 151, 1669
2255, 9262421, 151, 1669
2256, 9261402, 151, 1669
2257, 9261619, 151, 1669
2258, 9261826, 151, 1669
2259, 9262007, 151, 1669
2260, 9261583, 151, 1669
2261, 9260974, 151, 1669
2262, 9261229, 151, 1669
2263, 9225536, 151, 1669
2264, 9217970, 151, 1668
2265, 9218441, 151, 1668
2266, 9217925, 151, 1668
2267, 9217651, 151, 1668
2268, 9218285, 151, 1668
2269, 9218730, 151, 1668
2270, 9217964, 151, 1668
2271, 9218030, 151, 1668
2272, 9218074, 151, 1668
2273, 9220058, 151, 1668
2274, 9219968, 151, 1668
2275, 9221596, 151, 1668
2276, 9221591, 151, 1668
2277, 9177928, 151, 1668
2278, 9178016, 151, 1668
2279, 9179032, 151, 1668
2280, 9179400, 151, 1668
2281, 9179448, 151, 1668
2282, 9179472, 151, 1668
2283, 9179526, 151, 1669
2284, 9179534, 151, 1669
2285, 9179550, 151, 1669
2286, 9179590, 151, 1669
2287, 9179606, 151, 1669
2288, 9179614, 151, 1669
2289, 9179646, 151, 1669
2290, 9179662, 151, 1669
2291, 9179702, 151, 1669
2292, 9179718, 151, 1669
2293, 9179742, 151, 1669
2294, 9179758, 151, 1669
2295, 9179790, 151, 1669
2296, 9179830, 151, 1669
2297, 9179854, 151, 1669
2298, 9179902, 151, 1669
2299, 9179910, 151, 1669
2300, 9179926, 151, 1669
2301, 9179950, 151, 1669
2302, 9179982, 151, 1669
2303, 9179947, 151, 1669
2304, 9179979, 151, 1669
2305, 9179946, 151, 1669
2306, 9180947, 151, 1669
2307, 9180955, 151, 1669
2308, 9181075, 151, 1669
2309, 9181079, 151, 1669
2310, 9180765, 151, 1669
2311, 9180675, 151, 1669
2312, 9180683, 151, 1669
2313, 9180731, 151, 1669
2314, 9180739, 151, 1669
2315, 9180747, 151, 1669
2316, 9180755, 151, 1669
2317, 9180496, 151, 1669
2318, 9181525, 151, 1669
2319, 9181628, 151, 1669
2320, 9181596, 151, 1669
2321, 9181606, 151, 1669
2322, 9181704, 151, 1669
2323, 9181752, 151, 1669
2324, 9181725, 151, 1669
2325, 9181853, 151, 1669
2326, 9168759, 151, 1668
2327, 9168807, 151, 1668
2328, 9171230, 151, 1668
2329, 9171270, 151, 1668
2330, 9147342, 151, 1667
2331, 9155082, 152, 1670
2332, 9155284, 152, 1670
2333, 9155279, 152, 1670
2334, 9155272, 152, 1670
2335, 9155319, 152, 1670
2336, 9155234, 152, 1670
2337, 9155742, 152, 1670
2338, 9149602, 152, 1669
2339, 9149602, 154, 1669
2340, 9148248, 154, 1669
2341, 9165099, 154, 1669
2342, 9165051, 154, 1669
2343, 9165235, 154, 1669
2344, 9165415, 154, 1669
2345, 9165751, 154, 1669
2346, 9165753, 154, 1669
2347, 9168423, 154, 1669
2348, 9170618, 154, 1669
2349, 9172581, 154, 1669
2350, 9176378, 154, 1669
2351, 9182049, 154, 1669
2352, 9182373, 154, 1669
2353, 9182438, 154, 1669
2354, 9182411, 154, 1669
2355, 9182411, 154, 1669
2356, 9182413, 154, 1669
2357, 9182323, 154, 1669
2358, 9183470, 154, 1669
2359, 9184004, 154, 1669
2360, 9184068, 154, 1669
2361, 9184131, 154, 1669
2362, 9184279, 154, 1669
2363, 9184479, 154, 1669
2364, 9184481, 154, 1669
2365, 9184483, 154, 1669
2366, 9184071, 154, 1669
2367, 9251976, 154, 1674
2368, 9251754, 154, 1674
2369, 9251819, 154, 1674
2370, 9251946, 154, 1674
2371, 9253674, 154, 1674
2372, 9253786, 154, 1674
2373, 9253882, 154, 1674
2374, 9253708, 154, 1674
2375, 9254748, 154, 1674
2376, 9254581, 154, 1674
2377, 9255571, 154, 1674
2378, 9255580, 154, 1674
2379, 9255580, 154, 1674
2380, 9255586, 154, 1674
2381, 9255586, 154, 1674
2382, 9256037, 154, 1674
2383, 9256000, 154, 1674
2384, 9256131, 154, 1674
2385, 9257039, 155, 1674
2386, 9257321, 155, 1674
2387, 9258347, 155, 1674
2388, 9258254, 155, 1674
2389, 9256833, 155, 1674
2390, 9256954, 155, 1674
2391, 9454917, 155, 1678
2392, 9457226, 156, 1679
2393, 9457070, 156, 1679
2394, 9458101, 156, 1679
2395, 9457789, 156, 1679
2396, 9457849, 156, 1679
2397, 9458061, 156, 1679
2398, 9460980, 156, 1679
2399, 9462998, 156, 1680
2400, 9462998, 156, 1680
2401, 9463292, 156, 1680
2402, 9463346, 156, 1680
2403, 9463545, 156, 1680
2404, 9463453, 156, 1680
2405, 9463471, 156, 1680
2406, 9463536, 156, 1680
2407, 9469798, 156, 1681
2408, 9471246, 156, 1681
2409, 9473039, 156, 1681
2410, 9473550, 156, 1681
2411, 9474986, 156, 1681
2412, 9475381, 156, 1681
2413, 9475580, 156, 1681
2414, 9475492, 156, 1673
2415, 9475011, 156, 1673
2416, 9474692, 156, 1673
2417, 9473986, 156, 1673
2418, 9476808, 156, 1673
2419, 9476892, 156, 1673
2420, 9486857, 156, 1677
2421, 9492128, 156, 1677
2422, 9497115, 156, 1679
2423, 9518751, 156, 1685
2424, 9518835, 156, 1685
2425, 9519890, 156, 1685
2426, 9520216, 156, 1685
2427, 9520453, 156, 1685
2428, 9520541, 156, 1685
2429, 9560162, 156, 1694
2430, 9560180, 156, 1694
2431, 9560904, 156, 1694
2432, 9560884, 156, 1694
2433, 9561052, 156, 1694
2434, 9575364, 156, 1697
2435, 9577711, 156, 1698
2436, 9593971, 156, 1700
2437, 9594243, 156, 1700
2438, 9595515, 156, 1700
2439, 9595622, 156, 1700
2440, 9596490, 156, 1700
2441, 9620364, 157, 1703
2442, 9620175, 157, 1703
2443, 9625533, 157, 1704
2444, 9625722, 157, 1704
2445, 9625688, 157, 1704
2446, 9625737, 157, 1704
2447, 9628713, 157, 1705
2448, 9641450, 157, 1709
2449, 9642366, 157, 1709
2450, 9633322, 157, 1707
2451, 9634672, 157, 1707
2452, 9702424, 157, 1708
2453, 9702072, 157, 1708
2454, 9702078, 157, 1708
2455, 9701983, 157, 1708
2456, 9706919, 157, 1709
2457, 9707266, 157, 1709
2458, 9707322, 157, 1709
2459, 9693563, 157, 1705
2460, 9701102, 157, 1706
2461, 9701198, 157, 1706
2462, 9702770, 157, 1706
2463, 9702772, 157, 1706
2464, 9740070, 157, 1711
2465, 9740204, 157, 1711
2466, 9744205, 157, 1712
2467, 9756145, 157, 1712
2468, 9756612, 157, 1712
2469, 9756722, 157, 1712
2470, 9757411, 157, 1712
2471, 9757529, 157, 1712
2472, 9758505, 157, 1713
2473, 9761020, 157, 1714
2474, 9761203, 157, 1714
2475, 9761151, 157, 1714
2476, 9761366, 157, 1714
2477, 9761463, 157, 1714
2478, 9761557, 157, 1714
2479, 9761604, 157, 1714
2480, 9761642, 157, 1714
2481, 9761642, 157, 1714
2482, 9762025, 157, 1714
2483, 9764884, 157, 1715
2484, 9764902, 157, 1715
2485, 9767592, 157, 1716
2486, 9768828, 157, 1716
2487, 9770057, 157, 1716
2488, 9770238, 157, 1716
2489, 9770810, 157, 1716
2490, 9771050, 157, 1716
2491, 9771638, 157, 1716
2492, 9773682, 157, 1716
2493, 9776353, 157, 1716
2494, 9786352, 157, 1718
2495, 9793145, 157, 1719
2496, 9795580, 157, 1720
2497, 9795623, 157, 1720
2498, 9795663, 157, 1720
2499, 9796111, 157, 1720
2500, 9796614, 157, 1720
2501, 9796653, 157, 1720
2502, 9796672, 157, 1720
2503, 9798878, 157, 1721
2504, 9798924, 157, 1721
2505, 9798909, 157, 1721
2506, 9798913, 157, 1721
2507, 9799040, 157, 1721
2508, 9799052, 157, 1721
2509, 9800028, 157, 1721
2510, 9800129, 157, 1721
2511, 9800151, 157, 1721
2512, 9795630, 157, 1717
2513, 9792731, 157, 1716
2514, 9792326, 157, 1716
2515, 9792375, 157, 1716
2516, 9792372, 157, 1716
2517, 9792926, 157, 1716
2518, 9792702, 157, 1716
2519, 9792669, 157, 1716
2520, 9792879, 157, 1716
2521, 9792780, 157, 1716
2522, 9792960, 157, 1716
2523, 9793170, 157, 1716
2524, 9795384, 157, 1717
2525, 9796381, 157, 1717
2526, 9796460, 157, 1717
2527, 9796614, 157, 1717
2528, 9796643, 157, 1717
2529, 9797165, 157, 1717
2530, 9798528, 157, 1717
2531, 9801168, 157, 1718
2532, 9801698, 157, 1718
2533, 9801725, 157, 1718
2534, 9801868, 157, 1718
2535, 9802183, 157, 1718
2536, 9802508, 157, 1718
2537, 9802686, 157, 1718
2538, 9805115, 157, 1719
2539, 9805162, 157, 1719
2540, 9805755, 157, 1719
2541, 9805864, 157, 1719
2542, 9806084, 157, 1719
2543, 9806341, 157, 1719
2544, 9806389, 157, 1719
2545, 9806464, 157, 1719
2546, 9807543, 157, 1719
2547, 9810315, 157, 1719
2548, 9810532, 157, 1719
2549, 9815960, 157, 1721
2550, 9819495, 157, 1721
2551, 9823085, 157, 1725
2552, 9819495, 157, 1721
2553, 9821047, 157, 1721
2554, 9821436, 157, 1721
2555, 9824346, 157, 1722
2556, 9841656, 157, 1724
2557, 9841551, 157, 1724
2558, 9841544, 157, 1724
2559, 9824234, 157, 1722
2560, 9825277, 157, 1723
2561, 9842699, 157, 1725
2562, 9842614, 157, 1725
2563, 9842686, 157, 1725
2564, 9840593, 157, 1725
2565, 9840774, 157, 1725
2566, 9823852, 157, 1723
2567, 9823714, 157, 1723
2568, 9823706, 157, 1723
2569, 9823761, 157, 1723
2570, 9825113, 157, 1723
2571, 9825168, 157, 1723
2572, 9825289, 157, 1723
2573, 9825180, 157, 1723
2574, 9825169, 157, 1723
2575, 9825172, 157, 1723
2576, 9825184, 157, 1723
2577, 9825231, 157, 1723
2578, 9825231, 157, 1723
2579, 9825231, 157, 1723
2580, 9825289, 157, 1723
2581, 9825290, 157, 1723
2582, 9825289, 157, 1723
2583, 9825291, 157, 1723
2584, 9825289, 157, 1723
2585, 9825228, 157, 1723
2586, 9825227, 157, 1723
2587, 9825181, 157, 1723
2588, 9825312, 157, 1723
2589, 9825371, 157, 1723
2590, 9825168, 157, 1723
2591, 9825162, 157, 1723
2592, 9825365, 157, 1723
2593, 9825417, 157, 1723
2594, 9825162, 157, 1723
2595, 9825255, 157, 1723
2596, 9824593, 157, 1723
2597, 9825168, 157, 1723
2598, 9826028, 157, 1723
2599, 9825453, 157, 1723
2600, 9828866, 157, 1724
2601, 9828973, 157, 1724
2602, 9829833, 157, 1724
2603, 9829853, 157, 1724
2604, 9826019, 157, 1723
2605, 9830704, 157, 1724
2606, 9825168, 157, 1723
2607, 9825503, 157, 1723
2608, 9828959, 157, 1723
2609, 9834470, 157, 1724
2610, 9828959, 157, 1723
2611, 9825982, 157, 1723
2612, 9826160, 157, 1723
2613, 9848305, 157, 1728
2614, 9858182, 157, 1729
2615, 9858552, 157, 1729
2616, 9858793, 157, 1729
2617, 9848305, 157, 1728
2618, 9859368, 157, 1729
2619, 9859372, 157, 1729
2620, 9837433, 157, 1725
2621, 9862357, 157, 1730
2622, 9862356, 157, 1730
2623, 9859547, 157, 1729
2624, 9862622, 157, 1730
2625, 9861236, 157, 1730
2626, 9864554, 157, 1731
2627, 9862623, 157, 1730
2628, 9864555, 157, 1731
2629, 9859782, 157, 1729
2630, 9864969, 157, 1731
2631, 9868277, 157, 1732
2632, 9868279, 157, 1732
2633, 9873068, 157, 1733
2634, 9873068, 157, 1733
2635, 9874119, 157, 1733
2636, 9825289, 157, 1723
2637, 9826028, 157, 1723
2638, 9868262, 157, 1732
2639, 9870089, 157, 1733
2640, 9875929, 157, 1734
2641, 9870089, 157, 1733
2642, 9868303, 157, 1732
2643, 9870224, 157, 1733
2644, 9870257, 157, 1733
2645, 9878057, 157, 1735
2646, 9870257, 157, 1733
2647, 9870692, 157, 1733
2648, 9871099, 157, 1733
2649, 9871775, 157, 1733
2650, 9871693, 157, 1733
2651, 9881471, 157, 1736
2652, 9881536, 157, 1736
2653, 10055310, 162, 1770
2654, 10055426, 162, 1770
2655, 10055310, 162, 1770
2656, 10053081, 162, 1770
2657, 10052886, 162, 1770
2658, 10056459, 162, 1771
2659, 10056436, 162, 1771
2660, 10056320, 162, 1771
2661, 10056459, 162, 1771
2662, 10056436, 162, 1771
2663, 10018328, 162, 1753
2664, 10012263, 162, 1753
2665, 10019263, 163, 1754
2666, 10009380, 163, 1750
2667, 9881581, 157, 1736
2668, 10025146, 163, 1755
2669, 9868263, 157, 1732
2670, 9868287, 157, 1732
2671, 9868291, 157, 1732
2672, 10025158, 163, 1755
2673, 10025267, 163, 1755
2674, 10027250, 163, 1755
2675, 10021624, 163, 1755
2676, 10021697, 163, 1755
2677, 10021698, 163, 1755
2678, 10022875, 163, 1756
2679, 10023641, 163, 1756
2680, 10023535, 163, 1756
2681, 10025624, 163, 1756
2682, 10023582, 163, 1756
2683, 10025604, 163, 1756
2684, 10025860, 163, 1756
2685, 10026002, 163, 1756
2686, 10026014, 163, 1756
2687, 10026016, 163, 1756
2688, 10026018, 163, 1756
2689, 10026016, 163, 1756
2690, 10026123, 163, 1756
2691, 10026137, 163, 1756
2692, 10026017, 163, 1756
2693, 10026138, 163, 1756
2694, 10026220, 163, 1756
2695, 10026385, 163, 1756
2696, 10026561, 163, 1756
2697, 10026737, 163, 1756
2698, 9888512, 157, 1735
2699, 9889156, 157, 1735
2700, 9889164, 157, 1735
2701, 9893476, 157, 1735
2702, 9909207, 161, 1743
2703, 9903445, 161, 1743
2704, 10052315, 167, 1764
2705, 10027153, 163, 1756
2706, 10052907, 167, 1764
2707, 10053208, 167, 1764
2708, 10053227, 167, 1764
2709, 10053229, 167, 1764
2710, 10053820, 166, 1763
2711, 10061710, 166, 1763
2712, 10061712, 166, 1763
2713, 10061664, 167, 1765
2714, 10061384, 167, 1765
2715, 10069867, 166, 1764
2716, 10070240, 166, 1764
2717, 10070341, 166, 1764
2718, 10087478, 166, 1765
2719, 10088118, 166, 1765
2720, 10088592, 166, 1765
2721, 10088723, 166, 1765
2722, 10089162, 166, 1765
2723, 10089293, 166, 1765
2724, 10091755, 166, 1765
2725, 10092013, 166, 1765
2726, 10092530, 166, 1766
2727, 10095820, 166, 1766
2728, 10090677, 166, 1765
2729, 10094697, 166, 1766
2730, 10029130, 163, 1756
2731, 10029644, 163, 1756
2732, 10030243, 163, 1756
2733, 10056733, 167, 1764
2734, 10056735, 167, 1764
2735, 10053189, 167, 1765
2736, 10053212, 167, 1765
2737, 10058566, 167, 1767
2738, 10101697, 180, 1817
2739, 10101701, 180, 1817
2740, 10106259, 181, 1820
2741, 10109067, 181, 1822
2742, 10109091, 181, 1822
2743, 10125729, 180, 1822
2744, 10144585, 180, 1823
2745, 10144585, 180, 1823
2746, 10144584, 180, 1823
2747, 10147616, 180, 1823
2748, 10147874, 180, 1823
2749, 10150558, 180, 1824
2750, 10150523, 180, 1824
2751, 10094719, 166, 1766
2752, 10150545, 180, 1824
2753, 10094719, 166, 1766
2754, 10094698, 166, 1766
2755, 10094719, 166, 1766
2756, 10094720, 166, 1766
2757, 10095395, 166, 1766
2758, 10095395, 166, 1766
2759, 10097782, 166, 1767
2760, 10095777, 166, 1766
2761, 10098169, 166, 1767
2762, 10098207, 165, 1766
2763, 10098406, 165, 1766
2764, 10098446, 165, 1766
2765, 10098410, 164, 1765
2766, 10098751, 164, 1765
2767, 10100733, 164, 1766
2768, 10097999, 164, 1766
2769, 10097999, 164, 1766
2770, 10097503, 164, 1766
2771, 10096636, 164, 1766
2772, 10096637, 164, 1766
2773, 10098031, 164, 1766
2774, 10098149, 164, 1766
2775, 10091147, 164, 1766
2776, 10092660, 164, 1766
2777, 10094285, 164, 1766
2778, 10091274, 164, 1766
2779, 10092184, 164, 1766
2780, 10092269, 164, 1766
2781, 10095380, 164, 1766
2782, 10095251, 164, 1766
2783, 10095434, 164, 1766
2784, 10095305, 164, 1766
2785, 10095303, 164, 1766
2786, 10095725, 164, 1766
2787, 10092400, 166, 1765
2788, 10092370, 166, 1765
2789, 10095664, 166, 1765
2790, 10101660, 166, 1766
2791, 10101943, 166, 1766
2792, 10103811, 166, 1766
2793, 10103812, 166, 1766
2794, 10108215, 166, 1766
2795, 10112997, 166, 1767
2796, 10110565, 166, 1767
2797, 10110565, 166, 1767
2798, 10111240, 166, 1767
2799, 10111738, 166, 1767
2800, 10110776, 166, 1767
2801, 10112018, 164, 1767
2802, 10116510, 164, 1767
2803, 10115598, 164, 1767
2804, 10116081, 164, 1767
2805, 10095647, 164, 1766
2806, 10095249, 164, 1766
2807, 10092789, 164, 1765
2808, 10092757, 164, 1765
2809, 10092754, 164, 1765
2810, 10113110, 164, 1766
2811, 10113118, 164, 1766
2812, 10100492, 164, 1766
2813, 10097715, 164, 1766
2814, 10115108, 164, 1766
2815, 10115051, 164, 1766
2816, 10115621, 164, 1766
2817, 10115628, 164, 1766
2818, 10115663, 164, 1766
2819, 10115670, 164, 1766
2820, 10119759, 164, 1767
2821, 10119650, 164, 1767
2822, 10120750, 164, 1767
2823, 10120207, 164, 1767
2824, 10120319, 164, 1767
2825, 10120319, 164, 1767
2826, 10121419, 164, 1767
2827, 10121415, 164, 1767
2828, 10121887, 164, 1767
2829, 10121934, 164, 1767
2830, 10121934, 164, 1767
2831, 10122210, 164, 1767
2832, 10119699, 164, 1767
2833, 10119501, 164, 1767
2834, 10124231, 164, 1767
2835, 10124489, 164, 1767
2836, 10124489, 164, 1767
2837, 10124489, 164, 1767
2838, 10124692, 164, 1767
2839, 10127605, 164, 1768
2840, 10127734, 164, 1768
2841, 10119650, 164, 1767
2842, 10119654, 164, 1767
2843, 10121144, 164, 1767
2844, 10121604, 164, 1767
2845, 10129622, 164, 1768
2846, 10129782, 164, 1768
2847, 10119696, 164, 1767
2848, 10129828, 164, 1768
2849, 10129810, 164, 1768
2850, 10139938, 164, 1770
2851, 10245847, 164, 1770
2852, 10841898, 175, 1811
2853, 10230628, 175, 1763
2854, 10729624, 176, 1771
2855, 10814099, 176, 1771
2856, 28023442, 274, 3123
2857, 28013035, 274, 3122
2858, 28022049, 274, 3122
2859, 28542197, 276, 3138
2860, 28562626, 276, 3138
2861, 31077461, 283, 3251
2862, 31079226, 283, 3251
2863, 31945690, 285, 3498
2864, 31955438, 286, 3499
2865, 33689755, 289, 3522
2866, 33724253, 285, 3517
2867, 33890567, 285, 3522
2868, 33891164, 285, 3522
2869, 33890648, 285, 3522
2870, 33890674, 285, 3522
2871, 33890694, 285, 3522
2872, 33895049, 285, 3523
2873, 33895412, 285, 3523
2874, 33895676, 285, 3523
2875, 33895958, 285, 3523
2876, 33895898, 285, 3523
2877, 33896352, 285, 3523
2878, 33892475, 285, 3522
2879, 33892687, 285, 3522
2880, 33892731, 285, 3522
2881, 33892875, 285, 3522
2882, 33892859, 285, 3522
2883, 33898047, 285, 3523
2884, 33891248, 285, 3522
2885, 33891248, 285, 3522
2886, 33891368, 285, 3522
2887, 33898251, 285, 3523
2888, 33898538, 285, 3523
2889, 33899041, 285, 3523
2890, 33899079, 285, 3523
2891, 33898952, 285, 3523
2892, 33899045, 285, 3523
2893, 33898770, 285, 3523
2894, 33891358, 285, 3522
2895, 33898445, 285, 3523
2896, 33899327, 285, 3523
2897, 33899342, 285, 3523
2898, 33899355, 285, 3523
2899, 33899437, 285, 3523
2900, 33899291, 285, 3523
2901, 33900477, 285, 3523
2902, 33898449, 285, 3523
2903, 33900675, 285, 3523
2904, 33903092, 286, 3528
2905, 33903234, 286, 3528
2906, 33891262, 286, 3528
2907, 33889193, 286, 3528
2908, 33889199, 286, 3528
2909, 10121935, 164, 1767
2910, 10121934, 164, 1767
2911, 10121935, 164, 1767
2912, 33889200, 286, 3528
2913, 33889199, 286, 3528
2914, 33889209, 286, 3528
2915, 33889210, 286, 3528
2916, 33890511, 286, 3528
2917, 33890097, 286, 3528
2918, 33891409, 286, 3528
2919, 33891560, 286, 3528
2920, 33903363, 286, 3528
2921, 33900082, 286, 3529
2922, 33888257, 286, 3529
2923, 33888408, 286, 3529
2924, 33888523, 286, 3529
2925, 33888620, 286, 3529
2926, 33899308, 285, 3523
2927, 33901258, 285, 3524
2928, 33905503, 285, 3525
2929, 33905508, 285, 3525
2930, 33905526, 285, 3525
2931, 33910509, 286, 3530
2932, 33910624, 286, 3530
2933, 33898799, 286, 3530
2934, 33896010, 286, 3531
2935, 33903320, 286, 3528
2936, 33903957, 286, 3528
2937, 33904043, 286, 3528
2938, 33904368, 286, 3528
2939, 33911541, 286, 3530
2940, 33899716, 286, 3530
2941, 33904317, 286, 3533
2942, 33904664, 286, 3533
2943, 33906447, 286, 3533
2944, 33905434, 286, 3534
2945, 33905447, 286, 3534
2946, 33905423, 286, 3534
2947, 33907206, 286, 3534
2948, 33888854, 286, 3528
2949, 33892492, 286, 3528
2950, 33900743, 286, 3534
2951, 33918750, 286, 3540
2952, 33918751, 286, 3540
2953, 33918702, 286, 3540
2954, 33936635, 286, 3556
2955, 33959509, 288, 3559
2956, 33959493, 288, 3559
2957, 33959444, 288, 3559
2958, 33959545, 288, 3559
2959, 33959760, 288, 3559
2960, 33925188, 286, 3540
2961, 33966197, 288, 3559
2962, 33966302, 288, 3559
2963, 33968708, 288, 3561
